name,email,phone,company_id,user_id
Harriett Baker,ro@pohwidat.yt,(735) 954-1754,6,2
Brandon Fitzgerald,fu@giwub.mv,(875) 391-7629,3,6
Jane James,rowur@her.mv,(344) 494-7384,0,1
Matilda Cross,vusge@kuj.uz,(863) 415-7794,3,4
Antonio Howard,hoczo@wol.jo,(904) 416-4749,1,5
Landon Baldwin,kikzisto@inipah.qa,(647) 705-9336,20,12
Florence Willis,sirze@kamcu.ci,(925) 750-9461,11,20
Don Bryant,irhet@zo.aq,(287) 519-6510,4,12
Willie Evans,ez@begicdo.er,(706) 207-3424,1,18
Hettie Jenkins,it@retoolu.pm,(329) 462-5890,15,6
Douglas Lawrence,tod@joc.gd,(270) 319-5355,3,12
Jane Cooper,ojo@jenib.sh,(200) 588-9498,15,13
Cecelia Pierce,lesop@feped.aw,(215) 240-9785,12,5
Francis Norman,rucdecdik@gubse.tc,(221) 833-3577,11,4
Rebecca Tyler,hidcak@ruc.dj,(248) 607-9544,5,12
Bertie Hodges,geveli@agwez.bw,(238) 646-7006,2,14
Louisa Smith,cerharve@itit.no,(478) 905-6666,4,5
Nelle Newman,fuh@buslud.gh,(637) 843-2170,4,6
Devin Parsons,zacecalo@viok.it,(859) 674-6491,10,3
Caleb Stephens,gip@po.hk,(346) 396-5590,11,1
Jacob Mullins,ibelivcof@zonne.md,(765) 885-3033,11,1
Anne Howell,bijoah@kipala.bs,(763) 573-6653,12,9
Lela Sims,lufmawwip@jesegpo.tt,(845) 437-4871,10,20
Micheal Collins,guk@cisah.aw,(551) 823-2013,0,7
Carl Rodriguez,rep@ru.er,(859) 984-1912,0,9
Richard Bishop,pom@uzeip.sc,(755) 241-9417,4,14
Ruth Padilla,zozfoc@fusridwa.bh,(227) 588-5633,9,9
Hettie Howard,miptipbe@be.ie,(952) 269-9875,0,7
Glen Gibbs,ojizo@didnu.gn,(535) 759-8686,8,14
Ray Newton,cevrufe@boovu.sd,(264) 721-9011,8,14
Clayton Zimmerman,upiec@oleedvis.dj,(842) 842-9208,12,3
Clifford Ortiz,bidowcew@tek.sr,(559) 881-6769,17,17
Alta Jefferson,gu@verpusafe.pk,(445) 213-7803,18,2
Violet Mendez,vatnu@nawhortuj.eh,(781) 399-6815,20,13
Edward Ortega,waj@orpofbad.tn,(783) 620-6814,6,6
Clara Moss,obkeon@aw.ai,(734) 896-4980,5,8
Marvin Barnes,capu@wokul.gd,(313) 340-3808,8,12
Curtis Reese,winrunpe@itanoh.om,(322) 228-8460,9,10
Georgia Romero,zeom@teka.tv,(871) 261-3788,9,3
Edith Herrera,rimhidgo@koigo.na,(718) 272-8360,15,5
Myrtle Joseph,loglulfi@ubalavac.gq,(455) 410-6995,6,18
Isabella Cannon,ga@acotiko.re,(984) 582-7932,1,6
Laura Sandoval,no@akadehzin.cw,(461) 982-2865,19,16
Jean Rodriquez,li@odnib.uy,(977) 922-5347,11,8
Stephen Cain,sikivni@meh.fj,(314) 537-6607,1,6
Amelia Campbell,bi@zew.bs,(465) 809-3154,20,16
Louise Wood,simbuil@ewo.se,(554) 594-8618,0,19
John Harrison,ak@ideripu.sh,(207) 740-6049,18,9
Carrie Curry,kiwwa@teut.bg,(378) 678-8007,8,8
Chris Garcia,holapudiz@heg.eg,(770) 860-6553,15,12
Leo Dawson,oswozler@luj.kp,(704) 913-4689,15,1
Derrick Stewart,ji@vu.tj,(321) 877-9161,3,20
Janie Allen,levpici@es.tg,(618) 505-9738,3,7
Charlie Ferguson,utalot@utle.mn,(364) 728-9337,20,16
Esther Shaw,wugakzez@og.mp,(486) 581-1410,8,7
Lily Hamilton,ur@cilulmi.kr,(430) 846-2779,19,6
Christine Dawson,zibriz@zimoppe.fm,(378) 788-3989,12,9
Rose Lynch,sucte@golba.vc,(438) 673-3682,3,0
Myrtle Bush,toesalo@mah.hm,(812) 873-1087,20,18
Annie Hayes,tevu@ufu.bf,(328) 227-3309,1,7
Sean Watkins,vej@ebagage.eh,(475) 406-1439,6,10
Stephen Kelley,denpaw@bi.gy,(940) 496-8673,13,20
Cameron Crawford,ukpi@ufvagen.hk,(621) 934-7058,10,19
Wayne Barnes,ce@afe.sr,(817) 819-4644,7,19
Mabelle Dennis,epiesoded@hutuzu.tt,(844) 395-1212,1,1
Norman Moss,febtewih@ezpuwi.ne,(784) 223-2635,4,17
Mittie Carlson,cuse@zoli.nc,(356) 460-8403,5,6
Jordan Watts,ricurhah@lob.tw,(933) 560-4623,1,19
Marc Blair,zeera@fiv.ug,(245) 430-3567,10,19
Jim Walsh,tawep@emozo.gp,(758) 606-7855,6,16
Susan Alvarez,das@ki.gr,(474) 432-8950,3,16
Erik Cruz,huvzi@idosengi.lv,(675) 587-7055,3,15
Edwin Gray,hirelpak@nenkap.zm,(336) 509-2547,2,15
Dennis Duncan,nak@ziefa.gh,(855) 272-1972,14,6
Rachel McGee,ib@cuwap.cf,(700) 469-3302,20,20
Delia Houston,ulokihif@nom.io,(879) 963-6203,19,18
William Lynch,icokuku@zujro.aq,(417) 903-4107,18,12
Willie Gibbs,eca@ov.jp,(734) 201-1058,13,10
Jordan Mills,pofcolnu@beema.dz,(867) 600-9055,0,20
Lou Jefferson,mafe@zave.ng,(512) 355-5156,4,18
Harold Romero,feljek@cep.ax,(711) 869-4976,19,19
Joshua Reeves,openife@rutuz.rs,(870) 468-2436,11,12
Margaret Fox,loikoko@moideco.bm,(817) 721-3857,17,7
Amanda Franklin,omiduweh@hukpohof.ml,(662) 603-4363,7,7
Melvin Luna,pan@futed.bq,(358) 376-9380,14,15
Madge Obrien,zizkif@covwit.bn,(204) 555-7318,17,4
Lawrence Buchanan,mo@fefvekji.ly,(810) 786-8254,7,20
Bess Lowe,saganasem@fo.tt,(722) 613-4417,9,17
Ethan Johnson,wu@dowfag.mw,(952) 779-8216,19,0
Randall Beck,sig@jajlivko.edu,(704) 322-1256,8,1
Jerry Ford,waiv@iki.bn,(621) 742-9874,3,19
Herman Howard,seuvure@mocne.vg,(951) 930-1946,0,4
Claudia Hunt,kelobah@muc.bf,(948) 669-5502,0,13
Olive King,vuvruj@lohoh.im,(941) 523-3048,20,8
Herman Jordan,li@ecvuzkom.aq,(976) 707-1881,5,9
Dennis Snyder,agfab@losodru.mx,(669) 455-3344,6,2
Edgar Christensen,wemom@sionu.uk,(925) 234-3189,10,18
Myrtle Bryan,avocuk@avaufe.cl,(360) 680-4125,3,2
Allen Lawson,ce@cefdofoh.cn,(936) 890-2596,10,9
Ellen Pierce,dipic@ikwove.kn,(313) 483-4001,6,12
Claudia Dawson,foddadvuc@bukguk.kw,(985) 399-6366,8,5
Seth Aguilar,jehjefito@huinane.cu,(515) 993-5694,18,9
Lizzie Saunders,tav@umrof.dz,(970) 322-9238,7,3
Catherine Walker,ebjucji@nov.sy,(617) 401-7058,18,3
Nell Peterson,jicofi@ade.ua,(517) 316-2067,9,16
Tommy Reed,hakagezan@tathola.gf,(951) 394-7119,12,5
Bess Todd,zilafitis@upsiwfe.sz,(509) 972-5875,4,2
Lela Barnes,haf@to.af,(925) 985-2285,7,3
Mae Christensen,magpida@nirfizid.sk,(304) 913-6462,14,19
Lawrence Washington,te@eru.sy,(309) 866-3280,8,18
Katherine Herrera,aduifo@jas.com,(919) 440-2655,0,7
Ruby Sullivan,jumoj@avemev.na,(220) 404-1602,2,12
Luis Ross,wotu@za.tk,(507) 743-3231,4,3
Rodney Ryan,zobahe@buvgo.pr,(227) 692-7248,10,0
Alberta Taylor,ocapu@fejo.tr,(308) 859-3154,17,11
Mina Thomas,dokun@fe.gg,(482) 564-6381,16,7
Alberta Brady,bi@duul.kn,(486) 940-4180,2,11
Jeff Schneider,bo@redogap.tt,(748) 364-4091,14,9
Susie Perez,eca@bezpupa.as,(469) 200-8512,0,11
Estelle Paul,nezmitu@ifaforpob.tc,(589) 373-2960,17,11
Aiden Stephens,zoacu@akojuk.fr,(867) 808-7210,6,14
Jonathan Herrera,dubloofo@feja.tn,(428) 237-1593,1,16
Ryan Patrick,avgaggo@delfawu.st,(576) 245-5294,10,3
Sarah Lowe,big@cen.bj,(473) 514-3942,5,12
Hallie Ball,kezehnu@zinuc.kw,(522) 718-2534,14,19
Susan Hansen,akmepos@jizaw.cn,(472) 770-1709,11,4
Essie Becker,fuhuk@jib.gs,(978) 816-3602,18,8
Rosie Underwood,noc@cebodici.la,(872) 477-1695,12,0
Cameron Strickland,ehahapmol@nihaso.na,(385) 544-2086,19,9
Rodney Duncan,mesoga@ub.cl,(513) 989-5647,16,11
Cynthia Little,dik@is.il,(241) 664-4452,15,13
Jean Anderson,kelteri@vuni.mu,(940) 385-8925,18,16
Kathryn Green,ovurejfih@fuhap.il,(515) 535-8303,0,1
Don Aguilar,zu@gamkib.gn,(712) 841-9391,14,8
Samuel Parker,delojaeko@picij.gg,(870) 273-8769,11,11
Joel Powell,la@muwnake.hu,(522) 856-1745,20,7
Winnie McKinney,iswurul@je.bh,(388) 583-4526,19,7
Cole Henderson,rivsu@mijusa.lk,(924) 317-6234,17,19
Daisy Bush,tep@jowic.uk,(611) 259-1574,9,20
Noah Hubbard,ibake@ba.ec,(548) 605-1903,18,12
Kyle May,kat@cewige.bh,(850) 457-4447,19,18
Benjamin Saunders,nejdi@riraw.bs,(672) 485-3613,7,11
Teresa Daniel,dorhigu@kifefag.tj,(435) 409-8684,15,4
Lola Holt,jehorev@gezut.aq,(635) 963-7757,13,19
Jeffery Davis,rutevus@wagas.gh,(204) 762-3159,18,15
Aiden Barnett,hufcob@cag.eg,(877) 974-4440,6,19
Adelaide Pena,ohibupe@ub.tm,(514) 699-4424,9,0
Arthur Hubbard,neluv@imohul.bd,(667) 423-3497,0,16
Bradley Caldwell,hazku@bu.mo,(824) 756-8284,13,13
Alan Phillips,hokahagap@ik.tn,(747) 583-1123,19,16
Callie Roberts,ad@jekhe.ee,(238) 907-5882,5,5
Genevieve Frazier,rorohi@zej.com,(339) 871-9721,2,8
Alice Gill,ga@dalmawno.in,(649) 994-9462,14,17
Nannie Burgess,zirco@em.ad,(242) 760-6542,14,8
Nora Hernandez,so@cugbe.re,(724) 334-2109,12,17
Angel Harrison,adgoado@iw.mq,(267) 602-9711,14,11
Glen Weaver,gojo@sakilzak.sb,(280) 806-5760,18,14
Barbara Ryan,kokewo@dafawi.tg,(284) 538-1920,13,0
Troy Soto,uk@ho.gb,(660) 772-3938,1,2
Bettie Ross,nu@fop.na,(749) 665-7305,17,18
Nora Phillips,uj@ba.aq,(221) 993-4261,3,9
Minnie Nichols,oped@wezhupjo.mo,(477) 508-9674,10,7
Polly Duncan,niul@ijehedi.va,(886) 892-2748,6,9
Jack Bailey,zow@zo.pw,(954) 965-6640,4,5
Stephen Hodges,but@zuf.mk,(268) 361-3958,19,14
Louis Holmes,inuvufo@apaugo.sr,(475) 435-1941,20,6
Hunter Thompson,norika@zip.gs,(769) 817-4634,11,11
Jonathan Cobb,duprepjod@guzefa.sr,(903) 281-9228,17,20
Hattie Sanders,fo@sagsit.re,(420) 493-5843,13,17
Lou Mann,nekile@hiiha.fi,(560) 468-2776,4,14
Jordan Griffith,arna@gunibuhe.fk,(469) 457-8191,3,9
Chris Bowers,hop@bovot.dj,(843) 223-4410,5,0
Kevin Reese,cejip@duab.gw,(463) 481-2889,2,4
Mae Barrett,al@te.mr,(733) 986-5261,20,17
Troy Bryant,lak@eluc.cr,(334) 894-9972,10,1
Beulah Myers,vihso@hon.pf,(483) 928-8694,8,14
Victoria Sanders,suforho@ulucig.ug,(272) 918-5153,16,18
Esther Fisher,ifhadpof@dehosi.mz,(410) 435-6360,3,15
Martha Taylor,ce@rananoh.nz,(523) 431-2288,1,0
Jason Fowler,fica@ci.gn,(519) 252-7117,15,7
Charlotte Norman,pieg@avuboz.gm,(203) 285-7370,13,2
Polly Gonzalez,kouv@henetge.sb,(430) 592-1265,15,14
Eva Abbott,fekfat@ro.cv,(659) 944-2695,17,13
Tom Marsh,efpum@sufe.nu,(467) 562-6016,16,9
Ethel Mack,tazokec@mihim.fk,(502) 217-2838,15,9
George Morales,wowbawi@mo.tl,(364) 653-6550,19,16
Jose Pearson,aso@zihfi.cy,(418) 769-3477,18,7
Gussie Griffin,udzud@irabosec.cu,(600) 606-7938,17,9
Leah Terry,subobi@tetig.as,(768) 590-2233,10,15
George Hawkins,muluw@ita.cx,(630) 389-1903,16,17
Jack Fitzgerald,lubga@pefoja.gi,(709) 276-3717,6,16
Rosie Soto,meg@hara.bg,(441) 559-4254,19,14
Jose Buchanan,uju@wogdelma.sk,(826) 914-8581,15,9
Leonard Carr,ap@ige.va,(757) 816-3548,13,8
Ian Vasquez,wihmo@ufuuhje.pe,(740) 489-8728,5,3
Josephine Mendez,dig@dubodu.iq,(546) 674-2932,11,11
Bryan Tucker,coegiuz@fudak.af,(205) 223-5613,7,3
Cody McDaniel,gol@hencav.pg,(432) 617-7729,13,7
Ina Cooper,dusuhgoj@juv.sh,(315) 977-1211,11,10
Winifred Nguyen,zaromab@wuh.mu,(670) 457-7420,7,14
Hester Holt,cusoluri@hirlefmaw.mq,(249) 578-8720,17,10
Leah Jennings,ab@bopdanap.tn,(256) 785-8425,17,4
Beulah Watson,futoc@umejut.gd,(559) 597-4813,5,11
Randall Richardson,oka@wo.gr,(423) 890-4590,9,1
Ollie Stanley,palcekof@nulzit.ro,(282) 989-1201,0,15
Fannie Stevens,tu@zunnofroz.sx,(212) 939-6387,3,11
Elva Jennings,almed@ibeocagi.fo,(643) 965-1181,15,7
Mario Waters,hait@tutdu.my,(219) 986-5038,13,4
Lora Burke,nagben@maplepub.ly,(925) 428-6442,18,10
Laura Tran,ette@po.sv,(802) 737-6180,12,7
Terry Salazar,ussab@muscoew.hr,(421) 918-8374,9,7
Rachel Delgado,kolwaij@we.tn,(970) 506-6601,8,15
Eugenia Edwards,ehofurzu@ru.bh,(212) 757-9399,9,19
James Phelps,vo@li.gt,(956) 412-4120,15,2
Jerry Harrington,geap@giobupit.kh,(747) 386-2328,13,15
Rosalie Cole,etajuh@buninpav.to,(434) 272-8965,0,19
Lilly Holmes,jituju@iziwah.zw,(748) 520-9543,8,7
Phoebe Keller,jofvuf@esebeg.sl,(575) 758-4293,6,20
Harold Vargas,irowu@honre.cr,(764) 479-5499,7,16
Jane Crawford,fikagi@ufkotbew.pg,(601) 336-9934,20,8
Ellen Ballard,ocini@womnopuf.cg,(558) 819-5237,15,10
Gussie Wilkins,miskure@rav.wf,(705) 893-2027,2,15
Lou Hunter,hothiva@escisal.dj,(324) 469-5327,15,12
Nathan Dawson,lewlodip@sovuc.ml,(320) 763-9446,5,9
Lucile Owens,fi@pi.mu,(537) 263-8893,14,19
Florence Burns,kefokosi@nu.ly,(355) 771-1310,5,7
Lewis Roy,hubiwu@ra.fo,(381) 206-5596,18,2
Eva Edwards,dogle@enuluda.az,(663) 293-5659,1,8
Ernest Sparks,nefpinas@ijiepales.re,(587) 280-5177,18,8
Polly Waters,wuwica@nelziba.zm,(776) 312-2985,3,12
Clifford Bowman,ulrek@vom.sy,(214) 543-8741,9,5
Andrew Stokes,oduke@ebolu.com,(941) 783-3814,14,0
Jimmy Blair,luwka@zezne.tk,(769) 664-6708,3,13
Victor Higgins,mov@usu.sb,(305) 938-5015,20,3
Rosie Welch,hidi@ewose.ml,(224) 559-5898,17,18
Lilly Malone,cuucugad@kosu.ir,(339) 586-5152,12,0
Wesley Swanson,nac@cuhcaz.bd,(219) 383-9074,2,5
Victor Foster,egwegej@vu.am,(679) 332-9973,18,16
Susan Ruiz,cunteje@pisu.at,(840) 465-7616,10,8
Don Ford,ijzemru@abudelfa.cw,(930) 362-8876,19,6
Vernon Cain,bo@cawdepe.tw,(987) 373-4171,5,6
Verna Potter,tef@judrar.ao,(461) 341-1704,4,0
Amanda Frank,vikhut@onon.cz,(376) 406-3688,8,6
Dean Arnold,ta@buc.td,(367) 303-2297,15,10
Mamie Cummings,ga@osiah.in,(310) 362-3615,15,9
Jon Blair,iniforo@nakipu.mc,(886) 667-4602,3,18
Herman Klein,jaukiki@saufu.uk,(887) 606-3215,5,9
Mollie Burke,suter@ripuvegub.np,(977) 937-6256,0,11
Steve Dunn,woosrej@ow.az,(258) 767-9137,14,9
Ada Anderson,mettuku@jugpavkec.ps,(261) 489-6742,13,11
Ollie Campbell,rodculne@maju.do,(685) 963-1689,9,8
Cody Osborne,ullim@no.sd,(617) 642-3751,4,3
Beulah Watson,haznuf@dur.io,(681) 942-2191,9,12
Delia Saunders,ducawjas@se.hn,(839) 518-5829,18,14
Lula Robinson,ce@vapniv.mp,(365) 857-7231,6,12
Lou Pope,cir@nemiku.fj,(321) 749-2696,1,16
Celia Meyer,icobeskij@ukzuc.tm,(205) 952-8116,12,13
Marvin McKenzie,to@hidduher.la,(762) 842-5264,1,19
Lucas Cunningham,lun@heme.ug,(344) 253-7669,15,17
Tyler Kelly,averozizi@apsuszep.ne,(679) 677-4717,9,8
Allie Wagner,le@zo.py,(422) 685-6540,0,11
Harriett Carlson,vih@buszowsa.ls,(658) 399-1683,3,11
Henry Bush,wis@luhub.az,(858) 435-9704,18,8
James Simmons,su@cel.nf,(912) 915-1201,11,16
Cameron Richards,epuib@fakel.pe,(427) 775-2671,2,4
Ian Atkins,hermo@ogzac.ws,(417) 762-6667,19,1
Theodore Houston,muroh@muwgetfaf.al,(859) 576-5095,19,15
Theodore Quinn,obik@hozfuc.cu,(683) 422-6442,9,9
Stanley Pearson,fuvamva@acaajtoh.bf,(934) 547-5883,1,20
Myrtle Craig,fo@tapevlol.td,(740) 670-5929,14,7
Keith Cain,moh@gifol.pw,(246) 662-3925,10,11
Louis McCarthy,ko@jecifa.bq,(607) 219-9458,13,17
Cody Woods,se@vihedrom.hk,(908) 230-9114,16,14
Howard Garza,zi@hal.mk,(754) 805-7785,12,7
Gavin Gross,inaeh@neeze.ki,(361) 650-1293,6,9
Phillip Evans,wi@zoci.fm,(627) 804-7078,5,19
Juan Morrison,os@babec.sm,(815) 525-7876,2,5
Douglas Simpson,cefuj@uzasew.nl,(427) 443-9538,11,14
Duane Ferguson,viuvelog@genezi.cz,(216) 448-7002,14,12
Martin Waters,ackiji@fem.mc,(744) 773-8198,13,0
Landon Carr,ehibo@ji.fo,(340) 297-3950,3,9
Jason Ingram,zam@ulubiut.id,(514) 744-9108,5,3
Max Leonard,pujjegli@ajfafij.nu,(235) 567-8157,13,5
Jorge Walsh,heawi@gitjefi.co.uk,(458) 431-9081,14,15
Lenora Coleman,jav@waufsu.tw,(856) 778-7718,16,8
Francisco Henderson,lecdiwdes@lo.cv,(624) 995-5637,15,19
Scott Walsh,uv@sup.ar,(257) 965-5145,19,13
Susan Hampton,du@lo.mv,(910) 478-2602,3,11
Isabella Simmons,hagso@higcetcut.ee,(359) 315-8640,9,13
Aiden Butler,pi@odotfo.ss,(211) 598-1657,16,19
Bernice Delgado,cati@sez.eh,(657) 701-7103,15,4
Harriett Ray,lubzinzih@rar.ps,(778) 598-4684,19,20
Pearl Fox,tep@reuku.tf,(264) 987-2977,20,12
Tommy Perez,edama@ob.tl,(770) 734-6960,8,20
Lola Gutierrez,sekzefkow@fomla.bv,(715) 808-8662,16,3
Willie Ingram,fo@tifutwun.an,(745) 629-4292,8,12
Cora Dawson,honbem@roduzat.kw,(746) 926-1434,19,8
Barbara Higgins,be@amugupzup.sg,(725) 453-5120,17,18
Gavin Bell,caiz@ko.om,(559) 343-5496,14,12
Nelle Hart,culawhi@ocodah.gr,(976) 640-2127,8,6
Fanny George,gamrod@fawotu.mt,(737) 301-6491,2,2
Victoria Carroll,vamupo@ji.us,(857) 490-8616,14,16
Jerome Parks,we@zubah.tm,(762) 831-2854,10,6
Sophie Clarke,puwod@puh.dk,(943) 322-6012,7,16
Marion Duncan,wib@ru.cr,(333) 477-7648,15,15
Jordan Boyd,bi@zize.ws,(974) 511-8219,9,15
Essie Flores,paodce@got.za,(652) 667-1944,6,4
Walter Lawson,mo@ohu.hr,(824) 305-6144,11,19
Esther Butler,pusohi@rekde.it,(685) 772-6444,9,6
Derrick Doyle,mutgife@jumsoti.lv,(355) 462-3463,6,6
Lulu Bennett,de@ziz.dz,(760) 388-8434,3,9
Alan Morgan,iw@mizan.au,(229) 764-3847,1,20
Mayme Valdez,dapa@ba.tn,(913) 642-4253,18,2
Pauline Thornton,ru@zafvo.fk,(977) 321-7308,13,17
Millie Morrison,ce@wuf.na,(718) 794-2830,19,6
Irene Carson,bukumab@ledefde.lk,(744) 897-5114,1,0
Hettie Snyder,gevejeh@uto.co.uk,(307) 242-5305,14,10
Barry Douglas,ge@ofariha.mk,(516) 322-2188,13,6
Oscar Brown,ki@in.jm,(846) 581-5534,6,20
Louis Vega,dikcu@ciif.lu,(533) 580-7485,17,6
Lettie Gregory,fanodla@dazivoc.so,(956) 671-1163,6,13
Essie Woods,sofu@kifidto.gp,(271) 245-9754,7,10
Jerry Gibbs,wonsaz@heinsi.sk,(873) 870-6397,3,7
Ola Campbell,taavu@re.cw,(211) 442-5556,14,18
Allie Floyd,folivur@miarzoh.cm,(705) 709-6429,15,15
Antonio Bell,tegfu@nuj.cl,(356) 549-1386,5,10
Evelyn Maldonado,buf@je.pl,(734) 615-4451,20,7
Stanley Barrett,soferehi@soor.fr,(623) 994-1941,5,16
Mabelle Wood,nemabda@vu.fi,(900) 782-9290,0,14
Mamie Welch,zoz@visgorjuf.je,(927) 779-7235,18,10
Emilie Glover,hisagi@zo.in,(420) 941-7255,6,14
Leroy Manning,koucre@fa.et,(949) 739-2505,19,19
Vera Walters,riohole@guhnurcag.yt,(541) 514-1518,6,15
Alice Fisher,tubje@ziherle.cg,(434) 373-3033,0,3
Daisy Brock,utij@utoov.ro,(805) 309-5295,20,2
Maud Craig,vajfekiw@pohagabi.tz,(619) 319-3358,19,13
Jackson Rowe,soco@ke.zm,(539) 847-6619,16,15
Danny Keller,rogso@kegaap.pw,(888) 353-1569,7,11
Billy Frazier,buuc@oho.cn,(951) 566-2596,1,16
Eugenia Bowers,niene@urkib.tc,(425) 366-2137,14,13
Mae Yates,pukikodo@kognagjev.bs,(522) 800-7825,18,4
Ora Castro,tom@zuztuw.ge,(384) 927-6717,13,19
Laura Simpson,ivukoref@moburpuc.tk,(521) 616-5684,5,20
Maria McCormick,wazifa@ger.bn,(960) 212-7882,8,16
Jerry Brewer,ho@elimoap.tz,(389) 337-3965,5,14
Miguel Williamson,pa@ovu.tr,(244) 275-6248,9,8
Mitchell Bennett,ku@pa.mq,(714) 835-1421,6,15
Mary Simpson,talref@kun.lb,(815) 803-3853,10,13
Phoebe Newton,fehioti@kevesoni.cw,(218) 937-6458,17,13
Leonard Marshall,adu@gi.uk,(215) 633-9117,17,9
Lelia Hawkins,imfekof@ho.gy,(948) 935-2293,8,17
Alvin Wright,viwgimwu@tusaah.et,(263) 758-1381,0,7
Carolyn Weaver,se@obo.re,(500) 238-7260,17,17
Leila Stevenson,heg@ciibe.sx,(622) 767-2648,8,8
Marcus McGuire,tavgagfe@ek.ai,(574) 362-3216,6,11
Frederick Dunn,men@tolza.ht,(723) 995-1406,18,15
Olive Palmer,zuvadet@nodiek.ua,(357) 712-6649,19,6
Cornelia Hunter,vubake@cul.mx,(658) 274-8767,5,7
Isabella Jackson,isazozteg@pa.bn,(765) 793-6462,17,7
Virginia Harrington,esajdi@wenahak.zm,(229) 709-4679,7,7
Michael Clarke,posedfoz@nitedzu.tw,(966) 219-6004,3,8
Zachary Kelley,zik@ofpap.tt,(617) 753-1918,8,11
Jordan Tyler,pusmuhsu@godugnal.bm,(280) 417-5576,4,8
Birdie Blair,le@muto.dm,(255) 693-5133,20,2
Jeremy Aguilar,bupmeti@jar.hm,(676) 272-3921,3,12
Hettie Walsh,jiarli@enep.rs,(955) 283-5770,13,0
Fred Guerrero,kat@biututu.ie,(723) 818-3048,11,15
Marc Bridges,gaw@fuj.aq,(868) 732-5312,19,14
Mike Cook,ke@dogmektif.bv,(207) 226-7835,9,0
Tommy Townsend,wenukeg@gafpu.ca,(864) 392-1985,19,0
Johanna Wong,dogi@pazaj.de,(875) 280-9876,10,4
Calvin Holland,rit@sivtece.iq,(618) 385-4138,3,6
Jackson Garcia,resa@dodpi.mh,(274) 258-9389,4,7
Adelaide Gray,guratoro@rartow.aw,(362) 971-2003,0,8
Rosie Marshall,piztac@diew.gp,(560) 207-9105,8,9
Glen Barton,hindi@kinokme.ug,(407) 297-9837,19,13
Lola Bishop,tuecuno@cuple.co.uk,(563) 632-3230,2,4
Polly Buchanan,rocomiv@tadbiuc.pg,(320) 331-4692,7,7
Cynthia Soto,bujefoc@wetsal.ht,(930) 278-5100,9,3
Jerry Foster,rifve@locokve.md,(803) 212-7142,9,12
Oscar Curry,ba@zure.ph,(833) 879-9616,17,7
Mittie Robbins,juhmuv@ur.mt,(825) 814-1566,12,5
Patrick Bryan,buga@mad.gq,(513) 228-9031,20,19
Albert Gordon,kevim@bedodmi.bg,(545) 649-9999,8,19
Amy Richards,ejokuhwuh@lifli.gw,(787) 796-8045,5,0
Henrietta Bradley,okuidihes@be.mx,(631) 741-9540,14,2
Charles Mason,gej@bofocgo.pm,(624) 263-9736,20,19
Georgie Robbins,tuk@zic.sb,(269) 341-6102,11,20
Rachel Alexander,vutbuwus@bes.id,(750) 484-3713,17,12
Myrtle Gordon,vaow@um.jp,(527) 856-1274,18,7
Owen Bass,bompimsa@puv.al,(686) 595-4460,9,6
Effie Olson,wajucaru@saf.mw,(817) 740-5757,9,5
Lawrence Johnston,fav@em.gn,(474) 915-2122,9,11
Darrell Howell,rot@ted.ax,(763) 882-8529,16,8
Garrett Malone,seguwaz@kolazic.jm,(335) 444-1684,13,20
Lottie Parsons,sadzuf@li.ps,(426) 836-6505,12,5
Aiden Matthews,weh@wugiv.pt,(680) 767-4558,3,10
Arthur Gray,pel@let.gb,(804) 289-3043,12,10
Dean Carlson,cam@wup.hr,(808) 394-3541,2,11
Marie Allen,sedgufeg@oniwocur.gg,(757) 474-6551,5,6
Leah Simpson,socanub@oli.ng,(217) 293-1877,18,20
Juan Wagner,ana@egeoj.hu,(382) 856-9813,2,6
Jacob Morales,wet@ci.bj,(841) 777-7392,0,17
Dean Robertson,ek@pobbaj.mx,(489) 352-1221,10,7
Teresa McCormick,vadudhez@fulude.as,(976) 716-6129,1,9
Ora Tyler,gugoeh@na.cg,(504) 841-2311,18,12
Lola Barton,ise@ti.gf,(422) 941-9990,10,0
Ora Waters,zavsodak@ha.ni,(459) 529-2823,1,13
Claudia Mendez,vokacko@mizli.ps,(348) 762-8098,20,19
Justin Walton,puv@sil.tc,(308) 593-1063,8,19
Dollie Shelton,gu@putebzac.lv,(814) 458-6682,17,3
Dustin Holland,jarpe@solrasan.ac,(935) 528-2550,6,18
Sue Oliver,musa@cini.ye,(356) 981-9941,4,18
Michael Lynch,cita@wog.ba,(324) 774-2748,12,0
Ernest Norton,vagofid@kor.ad,(838) 373-3777,4,1
George Schmidt,zote@va.fj,(540) 792-6245,2,17
Anne Daniels,itomeztu@unpe.gr,(556) 691-5405,9,3
Cecilia Francis,iz@danceode.fm,(786) 850-6029,6,18
Isaac Ortiz,po@jab.vn,(786) 324-4974,13,6
Lula Lawson,dum@bolosgi.vc,(658) 640-5542,6,6
Minerva Walsh,vohhu@ze.an,(224) 999-3510,2,0
Jason Waters,ulokaro@hu.qa,(417) 480-1135,2,5
Catherine Rodriquez,omile@pabi.iq,(303) 753-8247,13,7
Andrew Ingram,diwce@zak.dm,(875) 619-6138,3,20
Millie Hernandez,etwuzna@maj.td,(766) 355-1041,10,5
Chris Chavez,pivojafu@be.yt,(480) 252-7516,10,12
Mitchell French,ibi@liha.sr,(588) 871-3644,9,9
Henry Martinez,hazatpag@ipi.me,(278) 762-9193,2,13
Ronnie Weaver,keh@milkakce.cv,(518) 704-7707,1,0
Christian Padilla,zocafoh@geif.nl,(247) 217-8055,2,1
Bessie Wise,si@bahusa.pa,(340) 361-2456,2,3
Elva Floyd,puvroruda@pusohamo.us,(371) 933-3287,3,17
Grace Freeman,arlicige@ce.sb,(210) 986-8030,12,10
Elmer Stevens,fotevod@suicipa.ba,(886) 737-7660,15,16
Hettie Reed,on@fanavoj.gh,(901) 855-5808,15,1
Sarah Aguilar,bahwuj@efbav.kz,(536) 930-6633,7,1
Joel Gutierrez,dujdi@putinnec.kh,(732) 537-9145,11,0
Ivan Howell,bu@ki.ru,(389) 673-6556,20,2
Dennis Schultz,podficbo@ruwjuve.pn,(772) 509-3892,8,19
Nathaniel Robertson,lowde@kilih.gq,(336) 303-6486,7,9
Dennis Walton,fi@essifu.af,(781) 832-9702,16,13
Eula Chandler,jev@sal.lb,(808) 669-8487,5,10
Don Roy,kelko@nef.fk,(769) 796-7112,20,8
Harold Payne,mihja@tuz.br,(943) 938-4053,4,7
Daisy Floyd,vijsowoj@hiz.ky,(753) 600-9086,18,0
Lucas Brock,kurosren@ukuwu.mq,(515) 434-1810,18,2
Christine Cooper,hohebu@lim.gw,(978) 494-8585,15,14
Katharine Drake,ipoze@hat.mw,(329) 630-6918,19,3
Ray Norman,binpiku@owfo.es,(434) 452-3777,2,18
Clifford Richardson,je@eclubjo.ht,(573) 621-7673,1,10
Gregory McCoy,usa@rehwotziw.co,(864) 873-7341,8,1
Tony Potter,rofiho@ka.cm,(720) 706-5255,5,0
Lizzie Sims,adse@la.cv,(260) 770-2412,17,0
Elmer Watkins,ik@pijfivut.gp,(418) 521-9657,14,17
Bertie Burgess,takeh@vo.pa,(276) 971-9452,2,6
Howard Wise,pumjon@ewozajej.hu,(402) 605-8643,20,12
Don Sparks,luptuj@zemevwi.gy,(310) 938-4323,7,6
Alberta Chavez,vav@ben.la,(573) 293-1663,9,3
Lina Malone,opu@sapa.bs,(618) 882-1946,8,3
Rosie Greene,vab@gedot.re,(289) 560-3176,0,3
Jennie Robbins,hocte@zotek.lc,(334) 880-6173,10,7
Ruby Patton,gu@zalwawjor.aw,(688) 484-8945,18,3
Beulah Wallace,jimgacre@acu.kp,(938) 745-3214,2,2
Georgie Terry,peob@mu.cf,(830) 621-6060,13,13
Bill Garcia,mi@josjojja.cc,(203) 650-4928,5,8
Iva Barrett,cukojwep@mimwad.bb,(751) 237-1348,1,14
Iva Newton,iva@luti.bf,(345) 787-7113,12,19
Floyd Ortiz,fa@emiedcu.as,(973) 778-8809,1,13
Corey Griffin,tuk@iv.nc,(369) 818-6892,3,6
Maud Casey,tezbaceg@powfakir.cn,(615) 821-4800,3,0
Rosie Bass,occo@un.st,(448) 666-7749,4,20
Nancy Dunn,novobawog@pup.my,(401) 413-1201,7,18
Hattie McKenzie,gijge@udodoga.ru,(988) 978-2230,8,15
Jessie Herrera,hef@urosel.lk,(747) 882-1699,15,17
Phillip Paul,tet@jepojni.bv,(610) 577-9891,18,1
David Newman,puig@hoj.co.uk,(636) 417-4796,15,16
Adrian Barnett,pemfucrac@mojkoskug.mv,(918) 471-9140,5,16
Annie Duncan,jidawo@tizfecniz.lt,(205) 306-7150,16,17
Edwin Fleming,nonjatpe@hut.mp,(364) 588-3775,20,19
Elijah McCarthy,rim@ed.sk,(777) 357-8764,19,20
Ora Schwartz,wo@wic.co.uk,(689) 281-4809,12,6
Ollie Martin,ko@kultu.lr,(646) 214-9772,0,1
Virginia Coleman,hukelrem@jafodud.ht,(365) 943-3994,6,3
Dennis Ortega,bikvu@ne.ke,(849) 966-9541,1,5
Martha Logan,unazu@ete.vg,(832) 471-2140,10,4
Theodore Bryan,adi@vamasre.cf,(226) 219-4141,3,1
Theodore Woods,vinebu@kafcof.md,(505) 889-5472,10,18
Rosalie Burke,wuw@mo.ba,(647) 290-2745,5,13
Corey Scott,zedok@govmof.cv,(412) 603-4101,11,18
Jason Freeman,hegeg@jad.pf,(788) 770-2715,3,10
Lily Ford,ozowe@afu.az,(470) 725-4401,17,14
David Sharp,ukovuc@huumaew.cl,(320) 357-6731,10,1
Sadie Romero,isarel@camunu.eu,(705) 792-5457,11,15
Jessie Joseph,ub@sav.gf,(579) 239-7371,18,10
Michael Gonzales,bi@izinit.gl,(428) 488-6440,13,6
Janie Torres,riofnug@tovawvu.cf,(267) 597-6503,8,7
Jesse Page,fohepibel@soksakje.su,(314) 769-5866,17,1
Willie Clark,in@duha.ir,(234) 855-4458,0,7
Tony Murray,pupar@ukoja.tg,(767) 799-9890,18,6
Max Dean,na@sildas.ua,(210) 250-9623,1,11
